{
  "loss": [
    2.4479355812072754,
    1.5646443367004395,
    0.8468024730682373
  ],
  "sparse_categorical_accuracy": [
    0.3093443214893341,
    0.5576092004776001,
    0.7864266633987427
  ],
  "val_loss": [
    1.9047397375106812,
    1.0606447458267212,
    0.5780407786369324
  ],
  "val_sparse_categorical_accuracy": [
    0.4411458671092987,
    0.7301859855651855,
    0.8664897680282593
  ]
}